<?xml version="1.0" encoding="UTF-8"?>
<project-private xmlns="http://www.netbeans.org/ns/project-private/1">
    <editor-bookmarks xmlns="http://www.netbeans.org/ns/editor-bookmarks/2" lastBookmarkId="0"/>
    <open-files xmlns="http://www.netbeans.org/ns/projectui-open-files/2">
        <group>
            <file>file:/D:/cpt105_lab/week1/Packet2033924PartB/src/packet2033924partb/Course.java</file>
            <file>file:/D:/cpt105_lab/week1/Packet2033924PartB/src/packet2033924partb/DataAccess.java</file>
            <file>file:/D:/cpt105_lab/week1/Packet2033924PartB/src/packet2033924partb/Person.java</file>
            <file>file:/D:/cpt105_lab/week1/Packet2033924PartB/src/packet2033924partb/Encryption.java</file>
        </group>
    </open-files>
</project-private>
